{
  "tokens": [
    576,
    566,
    556,
    546,
    536,
    526,
    516,
    506,
    496,
    486,
    476,
    466,
    456,
    446,
    436,
    426,
    416,
    406,
    396,
    386,
    376,
    366,
    356,
    346,
    336,
    326,
    316,
    306,
    296,
    286,
    276,
    266,
    256,
    246,
    236,
    226,
    216,
    206,
    196,
    186,
    176,
    166,
    156,
    146,
    136,
    126,
    116,
    106,
    96,
    86,
    76,
    66,
    56,
    46,
    36,
    26,
    16
  ],
  "accuracies": [
    0.66,
    0.66,
    0.66,
    0.66,
    0.66,
    0.66,
    0.66,
    0.66,
    0.66,
    0.66,
    0.66,
    0.66,
    0.66,
    0.66,
    0.66,
    0.66,
    0.6566666666666666,
    0.6566666666666666,
    0.6566666666666666,
    0.6566666666666666,
    0.6566666666666666,
    0.6566666666666666,
    0.6533333333333333,
    0.6533333333333333,
    0.6433333333333333,
    0.6533333333333333,
    0.65,
    0.65,
    0.65,
    0.6466666666666666,
    0.6566666666666666,
    0.65,
    0.6433333333333333,
    0.64,
    0.6433333333333333,
    0.6366666666666667,
    0.64,
    0.6433333333333333,
    0.64,
    0.64,
    0.64,
    0.6433333333333333,
    0.6433333333333333,
    0.6366666666666667,
    0.64,
    0.64,
    0.64,
    0.64,
    0.63,
    0.6233333333333333,
    0.6233333333333333,
    0.61,
    0.6266666666666667,
    0.6233333333333333,
    0.6233333333333333,
    0.6033333333333334,
    0.6
  ],
  "layer2_ranks": [],
  "kept_counts": [],
  "layer31_numeric_ranks": [
    575.4795833333334,
    564.4997916666666,
    553.4484375,
    542.3235416666666,
    530.944375,
    519.788125,
    509.07354166666664,
    498.74041666666665,
    488.3280208333333,
    478.11385416666667,
    467.571875,
    457.3154166666667,
    447.3276041666667,
    437.3176041666667,
    427.0303125,
    416.491875,
    406.20739583333335,
    396.1511458333333,
    386.1396875,
    375.8284375,
    365.7409375,
    355.78520833333334,
    345.91270833333334,
    335.83375,
    325.89177083333334,
    315.8442708333333,
    305.7746875,
    295.9009375,
    285.7870833333333,
    275.77375,
    265.9536458333333,
    255.83229166666666,
    245.9703125,
    235.95677083333334,
    226.07385416666668,
    216.22635416666665,
    206.25447916666667,
    196.27354166666666,
    186.22885416666668,
    176.49447916666668,
    166.87708333333333,
    157.02104166666666,
    147.42416666666668,
    137.7340625,
    128.13260416666665,
    118.8359375,
    109.09375,
    99.51541666666667,
    89.95083333333334,
    80.57822916666667,
    71.2275,
    61.7059375,
    52.467395833333335,
    43.1115625,
    33.6496875,
    24.282395833333332,
    15.0496875
  ],
  "layer31_effective_ranks": [
    70.79719365990103,
    69.88959672574468,
    68.87064209667679,
    67.87299140506067,
    66.89535562300608,
    66.02606723470414,
    65.1932042033852,
    64.35921001013598,
    63.52978692799272,
    62.723248505282754,
    61.902925162662505,
    61.07457382909449,
    60.22668512386225,
    59.35185187200603,
    58.447495852217735,
    57.54545753341993,
    56.6427440390992,
    55.72138238021119,
    54.799542898826026,
    53.82224266007576,
    52.89540693760705,
    51.96873359983516,
    51.038818199038154,
    50.06607960735881,
    49.10143268039083,
    48.08971349186286,
    47.05908372718223,
    46.067171615993026,
    44.99374488423314,
    43.960758201725476,
    42.941646299658856,
    41.862435851403525,
    40.776896381894716,
    39.60780615830372,
    38.49797804143366,
    37.3994832336523,
    36.24068538157272,
    35.06821373639601,
    33.8703072987376,
    32.71232781127887,
    31.55203906099015,
    30.37710237186202,
    29.170358046212836,
    27.908618413802735,
    26.61016432347106,
    25.313045482606007,
    23.83156769629928,
    22.35593958424828,
    20.79027359135087,
    19.162941208429206,
    17.499108793620767,
    15.664029899403165,
    13.86236670153161,
    11.909322940248133,
    9.890580854192727,
    7.786956764159424,
    5.473996250102004
  ]
}