{
  "tokens": [
    576,
    566,
    556,
    546,
    536,
    526,
    516,
    506,
    496,
    486,
    476,
    466,
    456,
    446,
    436,
    426,
    416,
    406,
    396,
    386,
    376,
    366,
    356,
    346,
    336,
    326,
    316,
    306,
    296,
    286,
    276,
    266,
    256,
    246,
    236,
    226,
    216,
    206,
    196,
    186,
    176,
    166,
    156,
    146,
    136,
    126,
    116,
    106,
    96,
    86,
    76,
    66,
    56,
    46,
    36,
    26,
    16
  ],
  "accuracies": [
    0.9966666666666667,
    0.9966666666666667,
    0.9966666666666667,
    0.9966666666666667,
    0.9966666666666667,
    0.9966666666666667,
    0.9966666666666667,
    0.9966666666666667,
    0.9966666666666667,
    0.9966666666666667,
    0.9966666666666667,
    0.9966666666666667,
    0.9966666666666667,
    0.9966666666666667,
    0.9966666666666667,
    0.9966666666666667,
    0.9966666666666667,
    0.9966666666666667,
    0.9966666666666667,
    0.9966666666666667,
    0.9966666666666667,
    0.9966666666666667,
    0.9966666666666667,
    0.9966666666666667,
    0.9966666666666667,
    0.9966666666666667,
    0.9966666666666667,
    0.9966666666666667,
    0.9966666666666667,
    0.9966666666666667,
    0.9966666666666667,
    0.9966666666666667,
    0.9966666666666667,
    0.9966666666666667,
    0.9966666666666667,
    0.9966666666666667,
    0.9966666666666667,
    0.9966666666666667,
    0.9966666666666667,
    0.9966666666666667,
    0.9966666666666667,
    0.9966666666666667,
    0.9966666666666667,
    0.9966666666666667,
    0.9966666666666667,
    0.9966666666666667,
    0.9966666666666667,
    0.9966666666666667,
    0.9966666666666667,
    0.9966666666666667,
    0.9966666666666667,
    0.9966666666666667,
    0.9966666666666667,
    0.9966666666666667,
    0.9966666666666667,
    0.9966666666666667,
    0.9966666666666667
  ],
  "layer31_numeric_ranks": [
    575.455,
    565.4869791666666,
    555.4991666666666,
    545.505625,
    535.5096875,
    525.5154166666666,
    515.5195833333333,
    505.5253125,
    495.53302083333335,
    485.53791666666666,
    475.54833333333335,
    465.5525,
    455.55916666666667,
    445.56854166666665,
    435.57895833333333,
    425.5871875,
    415.5941666666667,
    405.5996875,
    395.604375,
    385.6115625,
    375.61833333333334,
    365.6272916666667,
    355.6327083333333,
    345.6403125,
    335.65229166666666,
    325.65833333333336,
    315.67114583333336,
    305.6784375,
    295.68864583333334,
    285.69604166666664,
    275.70395833333333,
    265.7159375,
    255.72385416666665,
    245.73510416666667,
    235.745,
    225.75666666666666,
    215.765625,
    205.7753125,
    195.78552083333332,
    185.7953125,
    175.8065625,
    165.81541666666666,
    155.825625,
    145.83802083333333,
    135.85260416666668,
    125.86375,
    115.8790625,
    105.89302083333334,
    95.9084375,
    85.92614583333334,
    75.94333333333333,
    65.95614583333334,
    55.968125,
    45.981145833333336,
    35.98947916666667,
    25.99395833333333,
    15.997083333333334
  ],
  "layer31_effective_ranks": [
    69.94802573002185,
    69.14393351988717,
    68.23194052438308,
    67.38245504420132,
    66.50994474069742,
    65.68260992643845,
    64.8915920466161,
    64.08592326142382,
    63.269497800244714,
    62.39350928121345,
    61.44049481492366,
    60.43833233805102,
    59.425066713977564,
    58.370103047705655,
    57.341058922790424,
    56.2908189857255,
    55.22842644614574,
    54.149659541632104,
    53.098304795144635,
    52.08096865293325,
    51.02549462832536,
    49.96605437424456,
    48.834308192247995,
    47.68825705669709,
    46.5287652503827,
    45.333382801650586,
    44.135677292933615,
    42.932685818048476,
    41.735549821706385,
    40.547245803493034,
    39.38485490192356,
    38.21677360135304,
    37.03909442304689,
    35.84494259135233,
    34.68121451974193,
    33.45430388782557,
    32.247212037051646,
    31.02490177784317,
    29.800436298498667,
    28.615588764556513,
    27.370179528499758,
    26.102768480737836,
    24.794798829839795,
    23.459251168981847,
    22.186342640508325,
    20.85380353442436,
    19.465865243406473,
    18.134200757067934,
    16.79723777909177,
    15.412899616577764,
    14.021244907382378,
    12.606184608002577,
    11.193136762917323,
    9.700794618584204,
    8.247378412183684,
    6.751406512680173,
    5.033379998526741
  ]
}