{
  "ranks": [
    576,
    566,
    556,
    546,
    536,
    526,
    516,
    506,
    496,
    486,
    476,
    466,
    456,
    446,
    436,
    426,
    416,
    406,
    396,
    386,
    376,
    366,
    356,
    346,
    336,
    326,
    316,
    306,
    296,
    286,
    276,
    266,
    256,
    246,
    236,
    226,
    216,
    206,
    196,
    186,
    176,
    166,
    156,
    146,
    136,
    126,
    116,
    106,
    96,
    86,
    76,
    66,
    56,
    46,
    36,
    26
  ],
  "accuracies": [
    0.66,
    0.66,
    0.66,
    0.66,
    0.66,
    0.66,
    0.66,
    0.66,
    0.66,
    0.66,
    0.66,
    0.66,
    0.66,
    0.66,
    0.64,
    0.66,
    0.64,
    0.64,
    0.64,
    0.64,
    0.64,
    0.64,
    0.64,
    0.66,
    0.66,
    0.66,
    0.66,
    0.66,
    0.66,
    0.66,
    0.66,
    0.66,
    0.66,
    0.66,
    0.66,
    0.66,
    0.66,
    0.64,
    0.62,
    0.62,
    0.62,
    0.62,
    0.62,
    0.64,
    0.64,
    0.64,
    0.64,
    0.64,
    0.64,
    0.64,
    0.64,
    0.62,
    0.62,
    0.62,
    0.6,
    0.58
  ],
  "layer0_ranks": [
    569.006875,
    569.006875,
    569.006875,
    569.006875,
    569.006875,
    569.006875,
    569.006875,
    569.006875,
    569.006875,
    569.006875,
    569.006875,
    569.006875,
    569.006875,
    569.006875,
    569.006875,
    569.006875,
    569.006875,
    569.006875,
    569.006875,
    569.006875,
    569.006875,
    569.006875,
    569.006875,
    569.006875,
    569.006875,
    569.006875,
    569.006875,
    569.006875,
    569.006875,
    569.006875,
    569.006875,
    569.006875,
    569.006875,
    569.006875,
    569.006875,
    569.006875,
    569.006875,
    569.006875,
    569.006875,
    569.006875,
    569.006875,
    569.006875,
    569.006875,
    569.006875,
    569.006875,
    569.006875,
    569.006875,
    569.006875,
    569.006875,
    569.006875,
    569.006875,
    569.006875,
    569.006875,
    569.006875,
    569.006875,
    569.006875
  ],
  "layer31_ranks": [
    573.65125,
    554.0,
    534.234375,
    514.448125,
    494.605,
    474.73625,
    454.880625,
    435.031875,
    415.1825,
    395.3375,
    375.54,
    355.726875,
    336.208125,
    316.52125,
    297.134375,
    278.0025,
    258.95875,
    240.251875,
    221.486875,
    202.9675,
    184.7375,
    167.426875,
    151.016875,
    134.885,
    120.046875,
    105.085625,
    91.276875,
    77.91875,
    66.298125,
    57.5975,
    50.36,
    43.4,
    37.4,
    31.84,
    27.78,
    24.3,
    20.5,
    17.36,
    14.8,
    12.7,
    10.66,
    9.2,
    8.0,
    6.5,
    5.66,
    4.26,
    3.62,
    2.86,
    2.36,
    1.98,
    1.84,
    1.44,
    0.96,
    0.82,
    0.62,
    0.32
  ]
}