{
  "code_reasoning": {
    "num_samples": 40,
    "mean_per_layer": [
      0.6664154052734375,
      0.32210769653320315,
      0.09718565940856934,
      0.07217483520507811,
      0.07186726331710816,
      0.06102989912033081,
      0.07455527186393737,
      0.07611982226371765,
      0.10069546699523926,
      0.08685452938079835,
      0.10721516609191895,
      0.12381042242050169,
      0.08691995143890381,
      0.0897688627243042,
      0.1395395636558533,
      0.1020925521850586,
      0.09987176656723022,
      0.09859168529510498,
      0.07661497592926025,
      0.09410786628723145,
      0.10125710964202882,
      0.09951472878456116,
      0.07902270555496216,
      0.0628618836402893,
      0.09896388649940491,
      0.07653164863586426,
      0.08819568157196045,
      0.04027445316314697,
      0.06436976790428162,
      0.09131240844726562,
      0.051921093463897706,
      0.14766988754272461
    ],
    "mean_per_head": [
      0.0991920828819275,
      0.11733558177947997,
      0.1119103729724884,
      0.11420609354972842,
      0.11466978788375853,
      0.12976990938186644,
      0.11887417435646057,
      0.10892499089241024,
      0.10666186809539795,
      0.1338017463684082,
      0.12005847096443174,
      0.12112344503402711,
      0.11525679826736453,
      0.12412429451942444,
      0.11901836991310116,
      0.10437743663787842,
      0.10145531892776487,
      0.13036258220672603,
      0.09777415990829467,
      0.11001776456832886,
      0.10583455562591551,
      0.12846313118934632,
      0.09929923415184018,
      0.10539939403533935,
      0.1251891374588013,
      0.09843728542327879,
      0.102118456363678,
      0.11545534133911133,
      0.10713484287261964,
      0.10507342219352721,
      0.12909486293792724,
      0.12901900410652162
    ],
    "overall_mean": 0.1140448099002242,
    "overall_std": 0.12780884865371206,
    "overall_min": 0.013431167602539063,
    "overall_max": 0.8383056640625
  },
  "artwork": {
    "num_samples": 60,
    "mean_per_layer": [
      0.6624036153157553,
      0.28216759363810223,
      0.08189164797465007,
      0.057652024428049724,
      0.06267457803090414,
      0.05235142707824707,
      0.051227837800979614,
      0.06024309794108073,
      0.07037643988927206,
      0.07344102064768473,
      0.0784803589185079,
      0.08869481881459554,
      0.06116878191630046,
      0.06565270423889161,
      0.07882015705108643,
      0.07331841786702473,
      0.07365477879842122,
      0.05666940212249756,
      0.051541149616241455,
      0.05575016339619954,
      0.06653417746225992,
      0.04190576871236165,
      0.04287168979644775,
      0.036483685175577804,
      0.056517235438028966,
      0.04411240021387736,
      0.054631241162618,
      0.0314800242582957,
      0.04536834955215454,
      0.06159249941507975,
      0.04194997350374858,
      0.1179372231165568
    ],
    "mean_per_head": [
      0.07797585725784302,
      0.09236655235290525,
      0.09183002312978109,
      0.08155128161112463,
      0.09351562261581421,
      0.10630635420481363,
      0.0972343365351359,
      0.08811992406845091,
      0.0818135142326355,
      0.09683126211166383,
      0.0905027468999227,
      0.0896051009496053,
      0.09347865184148152,
      0.09286819895108539,
      0.08975386619567871,
      0.08174288272857665,
      0.07439680894215903,
      0.09598904848098758,
      0.07555029392242432,
      0.07516525983810426,
      0.08320252497990928,
      0.10366294384002685,
      0.07785251537958779,
      0.08133167823155724,
      0.0882877786954244,
      0.07281111478805542,
      0.07643392086029052,
      0.0849952936172485,
      0.083873450756073,
      0.07801077763239543,
      0.09015224377314252,
      0.09235245386759441
    ],
    "overall_mean": 0.08686138385285934,
    "overall_std": 0.12114979752823639,
    "overall_min": 0.008657137552897135,
    "overall_max": 0.8342529296875
  }
}