{
    "9": 0.27565691621219635,
    "10": 0.27565691621219635,
    "11": 0.2766484878532474,
    "12": 0.27615270203272185,
    "13": 0.2766484878532474,
    "14": 0.27615270203272185,
    "15": 0.2771442736737729,
    "16": 0.2766484878532474,
    "17": 0.2776400594942985,
    "18": 0.2746653445711453,
    "19": 0.2746653445711453,
    "20": 0.27565691621219635,
    "21": 0.2751611303916708,
    "22": 0.2751611303916708,
    "23": 0.2736737729300942,
    "24": 0.2746653445711453,
    "25": 0.2741695587506197,
    "26": 0.2736737729300942,
    "27": 0.2746653445711453,
    "28": 0.2746653445711453,
    "29": 0.27615270203272185,
    "30": 0.27615270203272185,
    "31": 0.27615270203272185,
    "32": 0.27615270203272185
}